{
    "user_badges":[
        {
            "id":934,
            "granted_at":"2024-12-01T06:02:42.235Z",
            "created_at":"2024-12-01T06:02:42.235Z",
            "count":1,
            "badge_id":1,
            "user_id":664,
            "granted_by_id":-1
        },
        {
            "id":943,
            "granted_at":"2025-01-25T20:46:52.126Z",
            "created_at":"2025-01-25T20:46:52.128Z",
            "count":1,
            "badge_id":42,
            "user_id":664,
            "granted_by_id":-1
        },
        {
            "id":932,
            "granted_at":"2024-11-30T20:10:55.092Z",
            "created_at":"2024-11-30T20:10:56.135Z",
            "count":1,
            "badge_id":16,
            "user_id":664,
            "granted_by_id":-1
        }
    ],
    "badges":[
        {
            "id":1,
            "name":"Basic",
            "description":"\u003ca href=\"https://blog.discourse.org/2018/06/understanding-discourse-trust-levels/\"\u003eGranted\u003c/a\u003e all essential community functions",
            "grant_count":213,
            "allow_title":false,
            "multiple_grant":false,
            "icon":"user",
            "image_url":null,
            "listable":true,
            "enabled":true,
            "badge_grouping_id":4,
            "system":true,
            "slug":"basic",
            "manually_grantable":false,
            "show_in_post_header":false,
            "badge_type_id":3
        },
        {
            "id":42,
            "name":"First Onebox",
            "description":"Posted a link that was oneboxed",
            "grant_count":13,
            "allow_title":false,
            "multiple_grant":false,
            "icon":"cube",
            "image_url":null,
            "listable":true,
            "enabled":true,
            "badge_grouping_id":1,
            "system":true,
            "slug":"first-onebox",
            "manually_grantable":false,
            "show_in_post_header":false,
            "badge_type_id":3
        },
        {
            "id":16,
            "name":"Read Guidelines",
            "description":"Read the \u003ca href=\"/guidelines\"\u003ecommunity guidelines\u003c/a\u003e",
            "grant_count":24,
            "allow_title":false,
            "multiple_grant":false,
            "icon":"file-lines",
            "image_url":null,
            "listable":true,
            "enabled":true,
            "badge_grouping_id":1,
            "system":true,
            "slug":"read-guidelines",
            "manually_grantable":false,
            "show_in_post_header":false,
            "badge_type_id":3
        }
    ],
    "badge_types":[
        {
            "id":3,
            "name":"Bronze",
            "sort_order":7
        }
    ],
    "users":[
        {
            "id":664,
            "username":"Julian",
            "name":"",
            "avatar_template":"/user_avatar/ask.igwn.org/julian/{size}/408_2.png",
            "trust_level":1
        },
        {
            "id":-1,
            "username":"system",
            "name":"system",
            "avatar_template":"https://canada1.discourse-cdn.com/flex031/uploads/gwosc/original/1X/2f08d26f7d577d0c8e867aed75ce8531fce5c94a.png",
            "admin":true,
            "moderator":true,
            "trust_level":4
        }
    ],
    "user":{
        "id":664,
        "username":"Julian",
        "name":"",
        "avatar_template":"/user_avatar/ask.igwn.org/julian/{size}/408_2.png",
        "email":"julian@delbel.ca",
        "secondary_emails":[],
        "unconfirmed_emails":[],
        "last_posted_at":"2025-01-29T06:53:58.060Z",
        "last_seen_at":"2025-01-29T07:05:26.721Z",
        "created_at":"2024-11-30T20:04:51.071Z",
        "ignored":false,
        "muted":false,
        "can_ignore_user":false,
        "can_mute_user":false,
        "can_send_private_messages":true,
        "can_send_private_message_to_user":true,
        "trust_level":1,
        "moderator":false,
        "admin":false,
        "title":null,
        "badge_count":6,
        "custom_fields":{},
        "time_read":7516,
        "recent_time_read":7516,
        "primary_group_id":null,
        "primary_group_name":null,
        "flair_group_id":null,
        "flair_name":null,
        "flair_url":null,
        "flair_bg_color":null,
        "flair_color":null,
        "featured_topic":null,
        "pending_posts_count":0,
        "bio_excerpt":null,
        "bio_cooked":null,
        "can_edit":true,
        "can_edit_username":false,
        "can_edit_email":true,
        "can_edit_name":true,
        "uploaded_avatar_id":408,
        "has_title_badges":false,
        "pending_count":0,
        "profile_view_count":14,
        "second_factor_enabled":false,
        "second_factor_backup_enabled":false,
        "associated_accounts":[],
        "can_upload_profile_header":true,
        "can_upload_user_card_background":true,
        "locale":"en",
        "muted_category_ids":[],
        "regular_category_ids":[],
        "watched_tags":[],
        "watching_first_post_tags":[],
        "tracked_tags":[],
        "muted_tags":[],
        "tracked_category_ids":[],
        "watched_category_ids":[],
        "watched_first_post_category_ids":[],
        "system_avatar_upload_id":null,
        "system_avatar_template":"https://avatars.discourse-cdn.com/v4/letter/j/74df32/{size}.png",
        "custom_avatar_upload_id":408,
        "custom_avatar_template":"/user_avatar/ask.igwn.org/julian/{size}/408_2.png",
        "muted_usernames":[],
        "can_mute_users":true,
        "ignored_usernames":[],
        "can_ignore_users":false,
        "allowed_pm_usernames":[],
        "mailing_list_posts_per_day":0,
        "can_change_bio":true,
        "can_change_location":true,
        "can_change_website":true,
        "can_change_tracking_preferences":true,
        "user_api_keys":null,
        "user_passkeys":[],
        "user_auth_tokens":[
            {
                "id":1176,
                "client_ip":"108.168.87.28",
                "location":"Mississauga, Ontario, Canada",
                "browser":"Google Chrome",
                "device":"Windows Computer",
                "os":"Microsoft Windows",
                "icon":"fab-windows",
                "created_at":"2024-11-30T20:07:19.159Z",
                "seen_at":"2025-01-29T06:59:04.967Z"
            }
        ],
        "user_notification_schedule":{
            "enabled":false,
            "day_0_start_time":480,
            "day_0_end_time":1020,
            "day_1_start_time":480,
            "day_1_end_time":1020,
            "day_2_start_time":480,
            "day_2_end_time":1020,
            "day_3_start_time":480,
            "day_3_end_time":1020,
            "day_4_start_time":480,
            "day_4_end_time":1020,
            "day_5_start_time":480,
            "day_5_end_time":1020,
            "day_6_start_time":480,
            "day_6_end_time":1020
        },
        "use_logo_small_as_avatar":false,
        "sidebar_tags":[],
        "sidebar_category_ids":[],
        "display_sidebar_tags":true,
        "can_pick_theme_with_custom_homepage":false,
        "cakedate":"2024-11-30",
        "birthdate":null,
        "accepted_answers":0,
        "featured_user_badge_ids":[
            934,
            943,
            932
        ],
        "invited_by":null,
        "groups":[
            {
                "id":10,
                "automatic":true,
                "name":"trust_level_0",
                "display_name":"trust_level_0",
                "user_count":563,
                "mentionable_level":0,
                "messageable_level":0,
                "visibility_level":1,
                "primary_group":false,
                "title":null,
                "grant_trust_level":null,
                "has_messages":false,
                "flair_url":null,
                "flair_bg_color":null,
                "flair_color":null,
                "bio_cooked":"New members with limited abilities, who are learning community norms and functionality",
                "bio_excerpt":"New members with limited abilities, who are learning community norms and functionality",
                "public_admission":false,
                "public_exit":false,
                "allow_membership_requests":false,
                "full_name":null,
                "default_notification_level":3,
                "membership_request_template":null,
                "members_visibility_level":0,
                "can_see_members":true,
                "publish_read_state":false
            },
            {
                "id":11,
                "automatic":true,
                "name":"trust_level_1",
                "display_name":"trust_level_1",
                "user_count":213,
                "mentionable_level":0,
                "messageable_level":0,
                "visibility_level":1,
                "primary_group":false,
                "title":null,
                "grant_trust_level":null,
                "has_messages":false,
                "flair_url":null,
                "flair_bg_color":null,
                "flair_color":null,
                "bio_cooked":"Members with more trust, who have shown initial engagement by reading and can now access more functions. All members of this group are also members of the trust_level_0 group.",
                "bio_excerpt":"Members with more trust, who have shown initial engagement by reading and can now access more functions. All members of this group are also members of the trust_level_0 group.",
                "public_admission":false,
                "public_exit":false,
                "allow_membership_requests":false,
                "full_name":null,
                "default_notification_level":3,
                "membership_request_template":null,
                "members_visibility_level":0,
                "can_see_members":true,
                "publish_read_state":false
            }
        ],
        "group_users":[
            {
                "group_id":10,
                "user_id":664,
                "notification_level":3,
                "owner":false
            },
            {
                "group_id":11,
                "user_id":664,
                "notification_level":3,
                "owner":false
            }
        ],
        "user_option":{
            "user_id":664,
            "mailing_list_mode":false,
            "mailing_list_mode_frequency":1,
            "email_digests":true,
            "email_level":1,
            "email_messages_level":0,
            "external_links_in_new_tab":false,
            "color_scheme_id":null,
            "dark_scheme_id":null,
            "dynamic_favicon":false,
            "enable_quoting":true,
            "enable_smart_lists":true,
            "enable_defer":false,
            "digest_after_minutes":10080,
            "automatically_unpin_topics":true,
            "auto_track_topics_after_msecs":300000,
            "notification_level_when_replying":2,
            "new_topic_duration_minutes":2880,
            "email_previous_replies":2,
            "email_in_reply_to":false,
            "like_notification_frequency":1,
            "include_tl0_in_digests":false,
            "theme_ids":[
                1
            ],
            "theme_key_seq":0,
            "allow_private_messages":true,
            "enable_allowed_pm_users":false,
            "homepage_id":null,
            "hide_profile_and_presence":false,
            "hide_profile":false,
            "hide_presence":false,
            "text_size":"normal",
            "text_size_seq":0,
            "title_count_mode":"notifications",
            "bookmark_auto_delete_preference":3,
            "timezone":"America/New_York",
            "skip_new_user_tips":false,
            "default_calendar":"none_selected",
            "oldest_search_log_date":null,
            "seen_popups":[
                1,
                2,
                4,
                3,
                5
            ],
            "sidebar_link_to_filtered_list":false,
            "sidebar_show_count_of_new_items":false,
            "watched_precedence_over_muted":null,
            "topics_unread_when_closed":true
        }
    }
}
